Threshold,k,Best Value,Replacement Rate,k,T,x,outlier_threshold,chi_prop,qv,zeta
0.25,200.0,0.6356877091811095,0.13128703549089146,200.0,1523.3796638958747,19.0,6.0,0.2927498033895236,0.23054891007664408,0.2632438143560945
0.1,140.0,0.6161302321181606,0.07708267924022724,140.0,1816.2316279081542,2.0,7.25,0.1723717203554391,0.3913574269143623,0.27932734448021024
0.1,70.0,0.49907780669624463,0.03722190447388178,70.0,1880.6130688212975,3.0,6.0,0.200781389749368,0.32870518210532684,0.22739363742353444
0.1,50.0,0.49124337746154234,0.02978161743569629,50.0,1678.8879955213556,3.0,5.0,0.3057458428200194,0.32103452089971724,0.4302890547283326
0.1,100.0,0.4889520483450962,0.057110729852663134,100.0,1750.984451748114,19.0,1.5,0.22948928649098713,0.01018086368448945,0.3026438055863248
