{
    "fert": {
        "log_k": 0.3370686790776787,
        "replacement_rate": 0.32851520902791037,
        "zeta": 0.13725271264310748,
        "sq_outlier_threshold": 0.1286097926777439,
        "qv": 0.06793685551878878,
        "log_x": 0.0006167510547707565,
        "log_chi_prop": 0.0
    },
    "retail": {
        "replacement_rate": 0.2775916409750836,
        "log_chi_prop": 0.2612060588164112,
        "zeta": 0.1196140122337494,
        "qv": 0.10585943747815775,
        "log_k": 0.09893101554577878,
        "sq_outlier_threshold": 0.08778100723329113,
        "log_x": 0.04901682771752824
    },
    "cong": {
        "log_chi_prop": 0.4323472433060833,
        "log_x": 0.21475226715517837,
        "zeta": 0.12950936798430784,
        "qv": 0.11700546677264759,
        "replacement_rate": 0.08837764238068468,
        "sq_outlier_threshold": 0.018008012401098124,
        "log_k": 0.0
    },
    "flow": {
        "log_k": 0.4244281410718021,
        "log_chi_prop": 0.2663001977866914,
        "log_x": 0.1352249887675249,
        "replacement_rate": 0.11172640845989701,
        "sq_outlier_threshold": 0.0473939956077619,
        "zeta": 0.009571615080541131,
        "qv": 0.005354653225781748
    },
    "occupancy": {
        "log_k": 0.2786771482082678,
        "replacement_rate": 0.23110317774940692,
        "qv": 0.1499132400502973,
        "log_chi_prop": 0.1306233624028451,
        "zeta": 0.12397865928779217,
        "log_x": 0.08269932884280358,
        "sq_outlier_threshold": 0.003005083458587192
    }
}