{
    "fert": {
        "log_chi_prop": 0.5478362220059624,
        "log_k": 0.14168140599996354,
        "log_x": 0.10704855225836679,
        "sq_outlier_threshold": 0.09414413546999488,
        "qv": 0.04992699030518119,
        "zeta": 0.046967428489937006,
        "log_T": 0.012395265470594153
    },
    "retail": {
        "log_x": 0.40885392487429156,
        "log_k": 0.3220016668457173,
        "log_chi_prop": 0.1287386646315749,
        "qv": 0.08776268980618585,
        "log_T": 0.035387696871666104,
        "zeta": 0.012941140046650326,
        "sq_outlier_threshold": 0.004314216923914009
    },
    "cong": {
        "log_k": 0.4091802167545037,
        "log_x": 0.2484092424974315,
        "log_chi_prop": 0.13047453532836367,
        "qv": 0.08034278435963192,
        "log_T": 0.07662489680452209,
        "zeta": 0.053859949027246674,
        "sq_outlier_threshold": 0.0011083752283004874
    },
    "flow": {
        "log_chi_prop": 0.40952509333941667,
        "log_k": 0.21678222050389045,
        "log_T": 0.10577328643178653,
        "log_x": 0.10432970760247054,
        "sq_outlier_threshold": 0.0907414019337986,
        "zeta": 0.062268348446465206,
        "qv": 0.01057994174217203
    },
    "occupancy": {
        "log_chi_prop": 0.4004741997943849,
        "log_k": 0.23924341912361244,
        "log_T": 0.12625420253831623,
        "zeta": 0.08869376471984684,
        "log_x": 0.08734102185330321,
        "sq_outlier_threshold": 0.0308630740116135,
        "qv": 0.02713031795892283
    }
}