{
    "fert": {
        "log_T": 0.5013476359483952,
        "zeta": 0.21577632631217883,
        "sq_outlier_threshold": 0.18435142954689773,
        "qv": 0.0967461131987649,
        "log_k": 0.0017784949937633898,
        "log_x": 0.0,
        "log_chi_prop": 0.0
    },
    "retail": {
        "log_T": 0.29053899555684676,
        "log_k": 0.22459409745737882,
        "log_chi_prop": 0.19905691638945874,
        "zeta": 0.09466259608007078,
        "qv": 0.08204220434278915,
        "sq_outlier_threshold": 0.07250268293683813,
        "log_x": 0.0366025072366176
    },
    "cong": {
        "log_chi_prop": 0.3536610680322503,
        "log_T": 0.1709458937270856,
        "log_x": 0.147951656191647,
        "qv": 0.1080601304532893,
        "log_k": 0.1030040769736322,
        "zeta": 0.09179419200215169,
        "sq_outlier_threshold": 0.02458298261994394
    },
    "flow": {
        "log_k": 0.38159079045836863,
        "log_chi_prop": 0.3115846911071553,
        "log_x": 0.15904290660680487,
        "log_T": 0.08160779804944897,
        "sq_outlier_threshold": 0.0552068950769451,
        "zeta": 0.01096691870127721,
        "qv": 0.0
    },
    "occupancy": {
        "log_T": 0.2335654403408693,
        "log_k": 0.2130012104882421,
        "zeta": 0.19014724869752006,
        "qv": 0.18446548987689854,
        "log_x": 0.08968140889647766,
        "log_chi_prop": 0.08913920169999252,
        "sq_outlier_threshold": 0.0
    }
}