{
    "fert": {
        "log_chi_prop": 0.5554377200458033,
        "log_k": 0.13277298175035027,
        "log_x": 0.1085094360465511,
        "sq_outlier_threshold": 0.0954309633728264,
        "qv": 0.05061614210389288,
        "zeta": 0.047639021567841756,
        "replacement_rate": 0.009593735112734222
    },
    "retail": {
        "log_x": 0.42537493657663467,
        "log_k": 0.29936642921624224,
        "log_chi_prop": 0.13308231573706006,
        "qv": 0.0906851506786859,
        "replacement_rate": 0.0354304992273938,
        "zeta": 0.012602102303628418,
        "sq_outlier_threshold": 0.003458566260355015
    },
    "cong": {
        "log_k": 0.4496655570988232,
        "log_x": 0.2352431305972663,
        "log_chi_prop": 0.12388590148556614,
        "qv": 0.07676130071133744,
        "replacement_rate": 0.059942529164311205,
        "zeta": 0.05206383293814744,
        "sq_outlier_threshold": 0.0024377480045482537
    },
    "flow": {
        "log_chi_prop": 0.3691770745630905,
        "log_k": 0.28917313621484225,
        "replacement_rate": 0.09834758553217753,
        "log_x": 0.09482679137053368,
        "sq_outlier_threshold": 0.08305164799574102,
        "zeta": 0.055864967407872834,
        "qv": 0.009558796915742233
    },
    "occupancy": {
        "log_chi_prop": 0.35801074612154576,
        "log_k": 0.3229346842933695,
        "replacement_rate": 0.10808222518045443,
        "zeta": 0.07921686789494314,
        "log_x": 0.07873291990724321,
        "sq_outlier_threshold": 0.028520047535263736,
        "qv": 0.02450250906717996
    }
}